購入先,コード,品名,1台あたり個数,販売単位(個/袋),注文数(袋/個),単価(円),小計(円),備考
秋月,117341,Seeed XIAO nRF52840（非Sense）,1,1,6,1780,10680,5台+予備1
秋月,113996,NJW4181U3-33B 3.3V LDO（SOT-89）,1,1,10,60,600,5台+予備5（表面実装・小さいので余分に）
秋月,131750,MBC2596-01 LM2596降圧モジュール,1,1,6,1900,11400,5台+予備1。在庫僅少（10月中旬入荷）
秋月,115414,2SJ334 P-ch MOSFET 10個入,3,10,2,990,1980,15個必要→20個
秋月,107597,2SK4017 N-ch MOSFET,3,1,16,30,480,15個必要+予備1
秋月,115169,GDZJ15C 15Vツェナー 10本入,3,10,2,90,180,15本必要→20本
秋月,115721,BZX55C9V1 9.1Vツェナー 20本入,1,20,1,100,100,
秋月,100941,1N4148 50本入,1,50,1,200,200,
秋月,129633,P4KE15A TVS 10本入,2,10,2,150,300,10本必要→20本（予備）
秋月,102229,1N5822 ショットキー 10本入,1,10,1,350,350,
秋月,107131,ガラス管ヒューズ MF51NR 5A 5.2x20,1,1,10,40,400,5本+交換用5本
秋月,110521,ヒューズクリップ FUC-03A,2,1,12,20,240,10個必要+予備2
秋月,111011,0.1Ω 3W 電流検出抵抗 RSMF3BR100F,1,1,6,20,120,
秋月,113765,PC817 フォトカプラ（Sharp）,2,1,12,30,360,在庫僅少。無ければ UPC817CG 116090（¥15）
秋月,109060,3.5mmステレオジャック MJ-8435,1,1,6,90,540,
秋月,103647,タクトスイッチ 6mm,1,1,6,15,90,
秋月,116871,100μF/50V ハイブリッド Rubycon PZF（C1）,1,1,6,80,480,
秋月,108155,10μF/50V 積セラ 5mm（C2）,1,1,6,60,360,
秋月,114096,4700μF/16V Rubycon ZLH（C3）,1,1,6,100,600,
秋月,108152,2.2μF/50V 積セラ 5mm（C4）,1,1,6,30,180,
秋月,113582,0.1μF/50V 積セラ 10個入（C6-C8）,3,10,2,100,200,15個必要→20個
秋月,125101,カーボン抵抗 1/4W 100Ω 100本入,3,100,1,200,200,"R4,R20,R21"
秋月,125102,カーボン抵抗 1/4W 1kΩ 100本入,4,100,1,100,100,R6-R9
秋月,125103,カーボン抵抗 1/4W 10kΩ 100本入,1,100,1,100,100,R14
秋月,125104,カーボン抵抗 1/4W 100kΩ 100本入,5,100,1,200,200,"R2,R10-R13"
秋月,125333,カーボン抵抗 1/4W 33kΩ 100本入,2,100,1,200,200,"R16,R18"
秋月,125473,カーボン抵抗 1/4W 47kΩ 100本入,1,100,1,200,200,R5。コード要確認
秋月,125105,カーボン抵抗 1/4W 1MΩ 100本入,3,100,1,200,200,"R1,R15,R17"
秋月,107956,カーボン抵抗 1W 10Ω 100本入,1,100,1,350,350,R19
秋月,102333,ターミナルブロック 2P 5.08mm TB111-2,2,1,12,40,480,"J1,J2"
秋月,104285,ピンソケット 1x7（XIAO用）,2,1,12,20,240,
秋月,110099,ピンソケット 1x4（降圧モジュール用）,1,1,6,20,120,
秋月,100167,ピンヘッダ 1x40,0,1,3,35,105,JP1/JP2・モジュール足・ブレッドボード用
秋月,103691,ジャンパーピン（2.54mm）,2,1,0,0,0,コード・価格要確認。JP1/JP2用に10個
秋月,100285,ブレッドボード 830穴 EIC-102BJ,0,1,1,1980,1980,試作用（1台分）
秋月,130088,ジャンパワイヤセット,0,1,1,300,300,試作用
秋月,110835,SOT-89変換基板 AE-SOT89 10枚入,0,10,1,70,70,試作用
Amazon,B0042VJSN8,Nikon EP-5B パワーコネクター,1,1,5,2318,11590,"5個セット B0042VJSN8 の5-pack ¥11,590 も同額"
Amazon,B0C9YLTTSX,3.5mm→MC-DC2 レリーズケーブル（3.5mm-N3）,1,1,5,926,4630,D7000〜D7500用
Amazon,B0D49L1SL3,2.5mm→10ピン レリーズケーブル（任意）,0,1,0,1701,0,D800/D810を使う場合のみ。+変換 B00KXMH1UW ¥580

秋月,,小計,,,,,34685,
Amazon,,小計,,,,,16220,
合計,,,,,,,50905,送料・ジャンパーピン除く
