t_s,mean_A,max_A,vmin_V
0.0,0.00061,0.0022,8.9865
0.1,0.00064,0.0023,8.9857
0.2,0.00063,0.0022,8.9848
0.3,0.00059,0.0020,8.9865
0.4,0.00057,0.0023,8.9828
0.5,0.00060,0.0020,8.9857
0.6,0.00064,0.0022,8.9885
0.7,0.00056,0.0023,8.9838
0.8,0.00059,0.0023,8.9848
0.9,0.00056,0.0026,8.9865
1.0,0.00065,0.0022,8.9838
1.1,0.00065,0.0026,8.9875
1.2,0.00063,0.0023,8.9875
1.3,0.00059,0.0033,8.9857
1.4,0.00065,0.0023,8.9885
1.5,0.00057,0.0019,8.9857
1.6,0.00062,0.0023,8.9875
1.7,0.00065,0.0023,8.9838
1.8,0.00060,0.0022,8.9848
1.9,0.00068,0.0019,8.9838
2.0,0.00062,0.0023,8.9875
2.1,0.00064,0.0023,8.9865
2.2,0.00062,0.0019,8.9875
2.3,0.00058,0.0021,8.9857
2.4,0.00063,0.0023,8.9865
2.5,0.00060,0.0021,8.9865
2.6,0.00059,0.0021,8.9848
2.7,0.00063,0.0022,8.9857
2.8,0.00060,0.0021,8.9875
2.9,0.00065,0.0023,8.9857
3.0,0.00063,0.0021,8.9865
3.1,0.00058,0.0019,8.9865
3.2,0.00060,0.0019,8.9857
3.3,0.00064,0.0021,8.9865
3.4,0.00063,0.0020,8.9885
3.5,0.00054,0.0019,8.9857
3.6,0.00063,0.0026,8.9857
3.7,0.00057,0.0020,8.9857
3.8,0.00058,0.0019,8.9885
3.9,0.00058,0.0021,8.9848
4.0,0.00064,0.0019,8.9857
4.1,0.00061,0.0018,8.9885
4.2,0.00058,0.0026,8.9865
4.3,0.00061,0.0022,8.9865
4.4,0.00063,0.0022,8.9857
4.5,0.00061,0.0026,8.9857
4.6,0.00062,0.0019,8.9865
4.7,0.00063,0.0025,8.9885
4.8,0.00060,0.0022,8.9857
4.9,0.00056,0.0020,8.9865
5.0,0.00062,0.0022,8.9865
5.1,0.00062,0.0021,8.9875
5.2,0.00058,0.0018,8.9838
5.3,0.00060,0.0024,8.9865
5.4,0.00060,0.0023,8.9865
5.5,0.00060,0.0032,8.9838
5.6,0.00060,0.0021,8.9895
5.7,0.00059,0.0021,8.9865
5.8,0.00064,0.0021,8.9857
5.9,0.00065,0.0022,8.9857
6.0,0.00062,0.0023,8.9828
6.1,0.00058,0.0020,8.9865
6.2,0.00058,0.0023,8.9885
6.3,0.00058,0.0023,8.9865
6.4,0.00059,0.0029,8.9857
6.5,0.00061,0.0022,8.9875
6.6,0.00059,0.0023,8.9865
6.7,0.00057,0.0029,8.9875
6.8,0.00063,0.0023,8.9865
6.9,0.00062,0.0022,8.9857
7.0,0.00065,0.0026,8.9865
7.1,0.00059,0.0023,8.9875
7.2,0.00065,0.0023,8.9875
7.3,0.00060,0.0021,8.9885
7.4,0.00060,0.0027,8.9865
7.5,0.00056,0.0021,8.9865
7.6,0.00069,0.0021,8.9875
7.7,0.00065,0.0025,8.9865
7.8,0.00060,0.0023,8.9857
7.9,0.00060,0.0021,8.9875
8.0,0.00060,0.0021,8.9885
8.1,0.00060,0.0025,8.9857
8.2,0.00061,0.0022,8.9865
8.3,0.00057,0.0021,8.9791
8.4,0.00059,0.0022,8.9875
8.5,0.00060,0.0021,8.9838
8.6,0.00061,0.0020,8.9865
8.7,0.04071,0.7403,8.2723
8.8,0.22811,0.8095,8.8629
8.9,0.65012,0.8402,8.8695
9.0,0.82366,0.9310,8.8545
9.1,0.70369,0.8618,8.8686
9.2,0.68735,0.7995,8.8791
9.3,0.61192,0.7575,8.8838
9.4,0.58800,0.6622,8.8969
9.5,0.57340,0.6502,8.8961
9.6,0.52646,0.6208,8.9045
9.7,0.50511,0.5631,8.9082
9.8,0.70466,0.8442,8.8678
9.9,0.82031,0.9213,8.8602
10.0,0.71752,0.8496,8.8695
10.1,0.70258,0.8055,8.8762
10.2,0.60800,0.7757,8.8838
10.3,0.57601,0.6526,8.8998
10.4,0.53628,0.6354,8.9045
10.5,0.50433,0.5906,8.9055
10.6,0.47890,0.5356,8.9158
10.7,0.21286,0.4610,8.9318
10.8,0.20098,0.2544,8.9584
10.9,0.02995,0.1955,8.9705
11.0,0.00117,0.0038,8.9895
11.1,0.00079,0.0025,8.9885
11.2,0.00059,0.0025,8.9885
11.3,0.00064,0.0021,8.9875
11.4,0.00059,0.0025,8.9865
11.5,0.00064,0.0022,8.9875
11.6,0.00065,0.0023,8.9848
11.7,0.00064,0.0022,8.9865
11.8,0.00064,0.0019,8.9885
11.9,0.00058,0.0020,8.9875
12.0,0.00063,0.0020,8.9857
12.1,0.00060,0.0020,8.9857
12.2,0.00062,0.0023,8.9885
12.3,0.00065,0.0023,8.9838
12.4,0.00056,0.0022,8.9857
12.5,0.00061,0.0026,8.9865
12.6,0.00051,0.0021,8.9857
12.7,0.00060,0.0026,8.9885
12.8,0.00062,0.0029,8.9857
12.9,0.00062,0.0023,8.9857
13.0,0.00057,0.0024,8.9865
13.1,0.00066,0.0023,8.9865
13.2,0.00055,0.0019,8.9885
13.3,0.00063,0.0019,8.9848
13.4,0.00060,0.0033,8.9828
13.5,0.00065,0.0026,8.9828
13.6,0.00056,0.0024,8.9857
13.7,0.00061,0.0021,8.9857
13.8,0.00057,0.0021,8.9865
13.9,0.00062,0.0022,8.9885
14.0,0.00059,0.0025,8.9848
14.1,0.00062,0.0021,8.9857
14.2,0.00063,0.0021,8.9875
14.3,0.00060,0.0024,8.9857
14.4,0.00066,0.0023,8.9828
14.5,0.00057,0.0024,8.9875
14.6,0.00057,0.0021,8.9848
14.7,0.00057,0.0018,8.9801
14.8,0.00057,0.0021,8.9865
14.9,0.00061,0.0025,8.9865
15.0,0.00065,0.0023,8.9875
15.1,0.00060,0.0019,8.9865
15.2,0.00060,0.0025,8.9865
15.3,0.00058,0.0029,8.9838
15.4,0.00062,0.0020,8.9857
15.5,0.00062,0.0020,8.9865
15.6,0.00059,0.0022,8.9828
15.7,0.00060,0.0021,8.9857
15.8,0.00061,0.0026,8.9875
15.9,0.00054,0.0021,8.9857
16.0,0.00060,0.0020,8.9857
16.1,0.00059,0.0025,8.9857
16.2,0.00065,0.0028,8.9857
16.3,0.00062,0.0022,8.9875
16.4,0.00056,0.0025,8.9838
16.5,0.00061,0.0021,8.9865
16.6,0.00059,0.0021,8.9865
16.7,0.00060,0.0028,8.9885
16.8,0.00062,0.0024,8.9865
16.9,0.00059,0.0020,8.9857
17.0,0.00059,0.0016,8.9828
17.1,0.00064,0.0025,8.9848
17.2,0.00061,0.0018,8.9865
17.3,0.00059,0.0022,8.9857
17.4,0.00064,0.0025,8.9875
17.5,0.00059,0.0021,8.9857
17.6,0.00062,0.0020,8.9865
17.7,0.00062,0.0024,8.9865
17.8,0.00054,0.0021,8.9865
17.9,0.00062,0.0023,8.9865
18.0,0.00060,0.0025,8.9809
18.1,0.00055,0.0022,8.9857
18.2,0.00059,0.0033,8.9865
18.3,0.00064,0.0021,8.9885
18.4,0.00062,0.0021,8.9848
18.5,0.00059,0.0023,8.9857
18.6,0.00057,0.0026,8.9875
18.7,0.00060,0.0024,8.9857
18.8,0.00063,0.0023,8.9838
18.9,0.00065,0.0021,8.9848
19.0,0.00061,0.0024,8.9865
19.1,0.00062,0.0027,8.9865
19.2,0.00060,0.0023,8.9848
19.3,0.00065,0.0021,8.9875
19.4,0.00060,0.0020,8.9848
19.5,0.00057,0.0023,8.9828
19.6,0.00057,0.0022,8.9875
19.7,0.00066,0.0025,8.9857
19.8,0.00055,0.0018,8.9885
19.9,0.00056,0.0020,8.9848
20.0,0.00066,0.0026,8.9875
20.1,0.00061,0.0021,8.9857
20.2,0.00059,0.0024,8.9857
20.3,0.00060,0.0022,8.9865
20.4,0.00062,0.0022,8.9857
20.5,0.00065,0.0019,8.9885
20.6,0.00059,0.0029,8.9848
20.7,0.00060,0.0024,8.9857
20.8,0.00063,0.0023,8.9857
20.9,0.00061,0.0023,8.9857
21.0,0.00058,0.0027,8.9857
21.1,0.00063,0.0020,8.9875
21.2,0.00061,0.0018,8.9875
21.3,0.00052,0.0022,8.9875
21.4,0.00059,0.0021,8.9857
21.5,0.00057,0.0019,8.9865
21.6,0.00051,0.0023,8.9838
21.7,0.00061,0.0023,8.9838
21.8,0.00060,0.0023,8.9857
21.9,0.00064,0.0024,8.9885
22.0,0.00060,0.0020,8.9875
22.1,0.00056,0.0027,8.9865
22.2,0.00056,0.0026,8.9875
22.3,0.00054,0.0019,8.9875
22.4,0.00056,0.0019,8.9865
22.5,0.00061,0.0020,8.9875
22.6,0.00061,0.0021,8.9885
22.7,0.00058,0.0021,8.9838
22.8,0.00062,0.0023,8.9857
22.9,0.00055,0.0021,8.9828
23.0,0.00061,0.0023,8.9857
23.1,0.00055,0.0022,8.9848
23.2,0.00058,0.0019,8.9838
23.3,0.00062,0.0020,8.9875
23.4,0.00060,0.0023,8.9857
23.5,0.00060,0.0023,8.9828
23.6,0.00064,0.0024,8.9875
23.7,0.00053,0.0021,8.9848
23.8,0.00060,0.0021,8.9801
23.9,0.00061,0.0025,8.9885
24.0,0.00062,0.0022,8.9857
24.1,0.00060,0.0020,8.9848
24.2,0.00062,0.0023,8.9865
24.3,0.00057,0.0019,8.9875
24.4,0.00061,0.0023,8.9885
24.5,0.00062,0.0022,8.9857
24.6,0.00060,0.0026,8.9885
24.7,0.00060,0.0024,8.9818
24.8,0.00060,0.0023,8.9875
24.9,0.00063,0.0029,8.9857
25.0,0.00064,0.0025,8.9875
25.1,0.00058,0.0024,8.9857
25.2,0.00060,0.0024,8.9875
25.3,0.00061,0.0025,8.9848
25.4,0.00061,0.0020,8.9865
25.5,0.00056,0.0021,8.9848
25.6,0.00062,0.0020,8.9865
25.7,0.00062,0.0025,8.9838
25.8,0.00058,0.0020,8.9885
25.9,0.00058,0.0021,8.9885
26.0,0.00055,0.0023,8.9818
26.1,0.00058,0.0028,8.9875
26.2,0.00063,0.0018,8.9857
26.3,0.00058,0.0024,8.9875
26.4,0.00118,0.0144,8.9857
26.5,0.00063,0.0028,8.9865
26.6,0.00058,0.0018,8.9857
26.7,0.00063,0.0021,8.9865
26.8,0.00060,0.0034,8.9857
26.9,0.00060,0.0020,8.9848
27.0,0.00061,0.0023,8.9857
27.1,0.00061,0.0019,8.9848
27.2,0.00065,0.0025,8.9857
27.3,0.00063,0.0021,8.9875
27.4,0.00065,0.0019,8.9857
27.5,0.00061,0.0026,8.9875
27.6,0.00062,0.0025,8.9875
27.7,0.00061,0.0019,8.9885
27.8,0.00060,0.0025,8.9895
27.9,0.00600,0.1501,8.9725
28.0,0.24031,3.9333,8.7959
28.1,1.22074,1.4562,8.7799
28.2,1.38579,1.4447,8.7818
28.3,0.81765,1.5065,8.7668
28.4,0.27832,0.3549,8.9414
28.5,0.27655,0.3188,8.9461
28.6,0.28207,0.3322,8.9422
28.7,0.29645,0.3833,8.9414
28.8,0.29436,0.3533,8.9432
28.9,0.29279,0.3817,8.9412
29.0,0.29874,0.4009,8.9365
29.1,0.29584,0.3533,8.9404
29.2,0.29911,0.3716,8.9422
29.3,0.29526,0.3643,8.9385
29.4,0.28208,0.3548,8.9291
29.5,0.27304,0.3511,8.9422
29.6,0.27066,0.3257,8.9461
29.7,0.26621,0.3375,8.9451
29.8,0.27049,0.3297,8.9479
29.9,0.26644,0.3411,8.9461
30.0,0.26954,0.3370,8.9441
30.1,0.26635,0.3140,8.9451
30.2,0.27099,0.3542,8.9432
30.3,0.26708,0.3439,8.9422
30.4,0.26753,0.3199,8.9461
30.5,0.26874,0.3135,8.9461
30.6,0.26660,0.3383,8.9404
30.7,0.26997,0.3278,8.9441
30.8,0.26641,0.3114,8.9441
30.9,0.27026,0.3473,8.9422
31.0,0.26605,0.3430,8.9441
31.1,0.27110,0.3372,8.9422
31.2,0.26786,0.3458,8.9404
31.3,0.26863,0.3125,8.9355
31.4,0.26608,0.3227,8.9461
31.5,0.27061,0.3468,8.9451
31.6,0.26689,0.3516,8.9412
31.7,0.27048,0.3449,8.9441
31.8,0.26595,0.3138,8.9479
31.9,0.27121,0.3263,8.9469
32.0,0.26607,0.3444,8.9365
32.1,0.27036,0.3420,8.9441
32.2,0.26909,0.3382,8.9385
32.3,0.27019,0.3409,8.9385
32.4,0.26723,0.3406,8.9461
32.5,0.26843,0.3487,8.9422
32.6,0.26691,0.3184,8.9385
32.7,0.26893,0.3287,8.9385
32.8,0.26951,0.3377,8.9441
32.9,0.26750,0.3441,8.9441
33.0,0.26950,0.3111,8.9441
33.1,0.26672,0.3168,8.9422
33.2,0.27275,0.3500,8.9461
33.3,0.26577,0.3464,8.9451
33.4,0.27031,0.3110,8.9451
33.5,0.26606,0.3438,8.9479
33.6,0.27093,0.3528,8.9441
33.7,0.26666,0.3159,8.9432
33.8,0.27024,0.3449,8.9404
33.9,0.26645,0.3501,8.9422
34.0,0.26960,0.3434,8.9441
34.1,0.26619,0.3133,8.9469
34.2,0.27304,0.3414,8.9441
34.3,0.26570,0.3344,8.9432
34.4,0.27094,0.3529,8.9412
34.5,0.26664,0.3169,8.9451
34.6,0.27056,0.3226,8.9441
34.7,0.26712,0.3333,8.9471
34.8,0.26920,0.3157,8.9461
34.9,0.26851,0.3320,8.9441
35.0,0.26785,0.3124,8.9441
35.1,0.26900,0.3193,8.9385
35.2,0.26927,0.3418,8.9469
35.3,0.27118,0.3491,8.9422
35.4,0.26571,0.3112,8.9432
35.5,0.27042,0.3465,8.9422
35.6,0.26636,0.3130,8.9432
35.7,0.26985,0.3421,8.9441
35.8,0.26684,0.3199,8.9432
35.9,0.27027,0.3605,8.9422
36.0,0.26637,0.3141,8.9422
36.1,0.27090,0.3267,8.9441
36.2,0.26826,0.3182,8.9451
36.3,0.27064,0.3391,8.9412
36.4,0.26672,0.3223,8.9479
36.5,0.27125,0.3176,8.9412
36.6,0.26636,0.3454,8.9441
36.7,0.26882,0.3361,8.9441
36.8,0.26797,0.3407,8.9395
36.9,0.26835,0.3419,8.9432
37.0,0.26983,0.3429,8.9469
37.1,0.26688,0.3134,8.9441
37.2,0.27166,0.3407,8.9451
37.3,0.26662,0.3432,8.9451
37.4,0.27113,0.3341,8.9441
37.5,0.26667,0.3176,8.9451
37.6,0.27022,0.3469,8.9451
37.7,0.26671,0.3336,8.9432
37.8,0.27099,0.3447,8.9404
37.9,0.26735,0.3217,8.9451
38.0,0.27072,0.3124,8.9461
38.1,0.26670,0.3475,8.9461
38.2,0.27262,0.3487,8.9441
38.3,0.26638,0.3420,8.9432
38.4,0.27038,0.3468,8.9365
38.5,0.26716,0.3323,8.9451
38.6,0.27062,0.3445,8.9432
38.7,0.26698,0.3515,8.9422
38.8,0.26930,0.3435,8.9404
38.9,0.26786,0.3189,8.9432
39.0,0.26923,0.3457,8.9461
39.1,0.26936,0.3421,8.9432
39.2,0.27064,0.3534,8.9404
39.3,0.26961,0.3402,8.9395
39.4,0.26709,0.3565,8.9404
39.5,0.27118,0.3409,8.9365
39.6,0.26642,0.3553,8.9385
39.7,0.27101,0.3389,8.9432
39.8,0.26648,0.3414,8.9385
39.9,0.27106,0.3264,8.9422
40.0,0.26572,0.3385,8.9432
40.1,0.27099,0.3581,8.9404
40.2,0.26893,0.3482,8.9357
40.3,0.27135,0.3417,8.9471
40.4,0.26695,0.3501,8.9451
40.5,0.26768,0.3224,8.9441
40.6,0.27056,0.3392,8.9422
40.7,0.26911,0.3091,8.9451
40.8,0.26934,0.3471,8.9357
40.9,0.27602,0.3504,8.9479
41.0,0.27932,0.3500,8.9375
41.1,0.28130,0.3757,8.9441
41.2,0.27264,0.3473,8.9422
41.3,0.27223,0.3500,8.9395
41.4,0.26805,0.3463,8.9422
41.5,0.27135,0.3285,8.9479
41.6,0.26773,0.3261,8.9375
41.7,0.27113,0.3279,8.9414
41.8,0.27074,0.3367,8.9441
41.9,0.26948,0.3384,8.9385
42.0,0.27156,0.3462,8.9441
42.1,0.26792,0.3299,8.9441
42.2,0.27546,0.3508,8.9412
42.3,0.26882,0.3352,8.9412
42.4,0.27009,0.3410,8.9422
42.5,0.26836,0.3188,8.9469
42.6,0.27100,0.3303,8.9441
42.7,0.41341,0.4960,8.9205
42.8,0.35545,0.4546,8.9252
42.9,0.24078,0.3168,8.9488
43.0,0.27040,0.3281,8.9422
43.1,0.28131,0.3543,8.9432
43.2,0.26700,0.3162,8.9422
43.3,0.27580,0.3528,8.9441
43.4,0.26736,0.3476,8.9441
43.5,0.27030,0.3438,8.9404
43.6,0.26723,0.3448,8.9375
43.7,0.27113,0.3165,8.9461
43.8,0.26860,0.3133,8.9422
43.9,0.27542,0.3501,8.9432
44.0,0.27006,0.3237,8.9432
44.1,0.26860,0.3418,8.9395
44.2,0.27123,0.3225,8.9441
44.3,0.27130,0.3542,8.9404
44.4,0.26989,0.3280,8.9404
44.5,0.26492,0.3131,8.9451
44.6,0.27020,0.3437,8.9441
44.7,0.26595,0.3499,8.9422
44.8,0.26817,0.3196,8.9422
44.9,0.27261,0.3611,8.9461
45.0,0.26513,0.3406,8.9385
45.1,0.26787,0.3429,8.9412
45.2,0.26848,0.3601,8.9348
45.3,0.26670,0.3341,8.9461
45.4,0.26303,0.3410,8.9451
45.5,0.26664,0.3445,8.9432
45.6,0.26327,0.3453,8.9412
45.7,0.26415,0.3247,8.9441
45.8,0.26460,0.3142,8.9451
45.9,0.26641,0.3500,8.9461
46.0,0.26364,0.3416,8.9412
46.1,0.26011,0.3369,8.9441
46.2,0.26935,0.3468,8.9432
46.3,0.25957,0.3358,8.9422
46.4,0.26344,0.3095,8.9479
46.5,0.26037,0.3465,8.9451
46.6,0.26069,0.3384,8.9432
46.7,0.26107,0.3079,8.9412
46.8,0.26371,0.3386,8.9441
46.9,0.26164,0.3454,8.9422
47.0,0.23770,0.2962,8.9441
47.1,0.22909,0.2710,8.9525
47.2,0.22459,0.2729,8.9535
47.3,0.22878,0.2687,8.9525
47.4,0.22587,0.2691,8.9479
47.5,0.22702,0.2711,8.9375
47.6,0.22825,0.2674,8.9498
47.7,0.22496,0.2698,8.9479
47.8,0.22832,0.2690,8.9498
47.9,0.22402,0.2809,8.9518
48.0,0.22825,0.2731,8.9518
48.1,0.22471,0.2674,8.9545
48.2,0.22845,0.2656,8.9479
48.3,0.22709,0.2771,8.9518
48.4,0.22749,0.2713,8.9535
48.5,0.22836,0.2698,8.9488
48.6,0.22524,0.2768,8.9525
48.7,0.22800,0.2711,8.9518
48.8,0.22463,0.2745,8.9525
48.9,0.22816,0.2709,8.9469
49.0,0.22587,0.2728,8.9518
49.1,0.22773,0.2702,8.9488
49.2,0.22734,0.2722,8.9518
49.3,0.22592,0.2767,8.9518
49.4,0.22821,0.2726,8.9525
49.5,0.22530,0.2697,8.9518
49.6,0.22761,0.2712,8.9525
49.7,0.22508,0.2761,8.9518
49.8,0.22877,0.2681,8.9535
49.9,0.22560,0.2679,8.9535
50.0,0.22740,0.2749,8.9508
50.1,0.22772,0.2640,8.9535
50.2,0.22612,0.2627,8.9498
50.3,0.22905,0.2694,8.9488
50.4,0.22466,0.2665,8.9518
50.5,0.22734,0.2625,8.9525
50.6,0.22381,0.2707,8.9508
50.7,0.22934,0.2681,8.9348
50.8,0.22573,0.2718,8.9535
50.9,0.22780,0.2757,8.9498
51.0,0.22792,0.2755,8.9479
51.1,0.22534,0.2642,8.9508
51.2,0.22832,0.2656,8.9508
51.3,0.22432,0.2706,8.9508
51.4,0.22800,0.2677,8.9498
51.5,0.22477,0.2715,8.9518
51.6,0.22872,0.2803,8.9479
51.7,0.22636,0.2665,8.9488
51.8,0.22647,0.2708,8.9518
51.9,0.22773,0.2701,8.9461
52.0,0.22478,0.2653,8.9498
52.1,0.22909,0.2737,8.9461
52.2,0.22463,0.2693,8.9508
52.3,0.22845,0.2671,8.9545
52.4,0.22520,0.2690,8.9488
52.5,0.22856,0.2693,8.9518
52.6,0.22786,0.2735,8.9525
52.7,0.22608,0.2736,8.9535
52.8,0.22846,0.2772,8.9508
52.9,0.22591,0.2760,8.9508
53.0,0.21582,0.2679,8.9508
53.1,0.20054,0.2334,8.9574
53.2,0.03611,0.2451,8.9658
53.3,0.00119,0.0024,8.9875
53.4,0.00079,0.0027,8.9875
53.5,0.00063,0.0023,8.9875
53.6,0.00065,0.0019,8.9885
53.7,0.00060,0.0021,8.9865
53.8,0.00056,0.0020,8.9895
53.9,0.00056,0.0023,8.9865
54.0,0.00055,0.0019,8.9857
54.1,0.00058,0.0022,8.9865
54.2,0.00064,0.0023,8.9865
54.3,0.00063,0.0019,8.9865
54.4,0.00055,0.0031,8.9885
54.5,0.00060,0.0021,8.9828
54.6,0.00060,0.0023,8.9857
54.7,0.00066,0.0020,8.9848
54.8,0.00059,0.0021,8.9875
54.9,0.00058,0.0022,8.9857
55.0,0.00063,0.0024,8.9857
55.1,0.00061,0.0018,8.9885
55.2,0.00063,0.0022,8.9865
55.3,0.00058,0.0019,8.9818
55.4,0.00065,0.0022,8.9857
55.5,0.00060,0.0025,8.9865
55.6,0.00061,0.0025,8.9885
55.7,0.00059,0.0025,8.9875
55.8,0.00059,0.0019,8.9838
55.9,0.00060,0.0017,8.9857
56.0,0.00061,0.0022,8.9885
56.1,0.00057,0.0022,8.9857
56.2,0.00059,0.0020,8.9865
56.3,0.00065,0.0025,8.9848
56.4,0.00063,0.0025,8.9865
56.5,0.00061,0.0023,8.9865
56.6,0.00059,0.0022,8.9875
56.7,0.00056,0.0021,8.9848
56.8,0.00061,0.0019,8.9857
56.9,0.00060,0.0020,8.9828
57.0,0.00060,0.0023,8.9818
57.1,0.00059,0.0019,8.9865
57.2,0.00060,0.0017,8.9857
57.3,0.00057,0.0020,8.9848
57.4,0.00063,0.0022,8.9848
57.5,0.00062,0.0024,8.9865
57.6,0.00061,0.0025,8.9875
57.7,0.00061,0.0023,8.9848
57.8,0.00063,0.0022,8.9875
57.9,0.00064,0.0024,8.9865
58.0,0.00058,0.0017,8.9875
58.1,0.00056,0.0027,8.9865
58.2,0.00063,0.0023,8.9875
58.3,0.00061,0.0027,8.9857
58.4,0.00063,0.0023,8.9848
58.5,0.00062,0.0026,8.9865
58.6,0.00053,0.0028,8.9848
58.7,0.00057,0.0026,8.9865
58.8,0.00065,0.0023,8.9875
58.9,0.00059,0.0021,8.9848
59.0,0.00065,0.0022,8.9838
59.1,0.00059,0.0019,8.9857
59.2,0.00063,0.0020,8.9875
59.3,0.00058,0.0020,8.9875
59.4,0.00064,0.0021,8.9885
59.5,0.00059,0.0027,8.9875
59.6,0.00063,0.0025,8.9857
59.7,0.00061,0.0022,8.9885
59.8,0.00060,0.0027,8.9865
59.9,0.00057,0.0023,8.9865
60.0,0.00055,0.0023,8.9875
60.1,0.00061,0.0024,8.9857
60.2,0.00055,0.0023,8.9865
60.3,0.00055,0.0021,8.9791
60.4,0.00055,0.0023,8.9809
60.5,0.00060,0.0023,8.9865
60.6,0.00059,0.0020,8.9865
60.7,0.00058,0.0022,8.9875
60.8,0.00061,0.0021,8.9865
60.9,0.00061,0.0018,8.9828
61.0,0.00058,0.0023,8.9865
61.1,0.00062,0.0024,8.9885
61.2,0.00059,0.0025,8.9875
61.3,0.00063,0.0022,8.9885
61.4,0.00054,0.0021,8.9818
61.5,0.00056,0.0022,8.9875
61.6,0.00056,0.0020,8.9885
61.7,0.00056,0.0024,8.9865
61.8,0.00064,0.0019,8.9781
61.9,0.00060,0.0021,8.9875
62.0,0.00060,0.0025,8.9809
62.1,0.00058,0.0021,8.9875
62.2,0.00060,0.0027,8.9818
62.3,0.00061,0.0026,8.9857
62.4,0.00064,0.0029,8.9848
62.5,0.00064,0.0019,8.9848
62.6,0.00060,0.0023,8.9857
62.7,0.00054,0.0021,8.9865
62.8,0.00054,0.0023,8.9838
62.9,0.00063,0.0025,8.9875
63.0,0.00059,0.0019,8.9875
63.1,0.00056,0.0023,8.9848
63.2,0.00062,0.0022,8.9857
63.3,0.00055,0.0024,8.9875
63.4,0.00064,0.0023,8.9865
63.5,0.00064,0.0020,8.9857
63.6,0.00061,0.0022,8.9857
63.7,0.00059,0.0019,8.9875
63.8,0.00066,0.0020,8.9838
63.9,0.00060,0.0024,8.9875
64.0,0.00057,0.0021,8.9875
64.1,0.00057,0.0019,8.9865
64.2,0.00065,0.0021,8.9865
64.3,0.00059,0.0021,8.9885
64.4,0.00058,0.0025,8.9857
64.5,0.00057,0.0023,8.9848
64.6,0.00066,0.0021,8.9857
64.7,0.00062,0.0021,8.9818
64.8,0.00056,0.0023,8.9895
64.9,0.00066,0.0022,8.9895
65.0,0.00063,0.0023,8.9875
65.1,0.00060,0.0021,8.9865
65.2,0.00060,0.0028,8.9875
65.3,0.00059,0.0024,8.9875
65.4,0.00065,0.0020,8.9875
65.5,0.00061,0.0020,8.9875
65.6,0.00065,0.0023,8.9875
65.7,0.00059,0.0022,8.9865
65.8,0.00060,0.0025,8.9865
65.9,0.00058,0.0021,8.9857
66.0,0.00062,0.0020,8.9838
66.1,0.00061,0.0019,8.9848
66.2,0.00056,0.0023,8.9875
66.3,0.00058,0.0021,8.9904
66.4,0.00063,0.0025,8.9848
66.5,0.00066,0.0025,8.9865
66.6,0.00067,0.0022,8.9875
66.7,0.00060,0.0021,8.9875
66.8,0.00053,0.0024,8.9865
66.9,0.00062,0.0021,8.9857
67.0,0.00069,0.0023,8.9885
67.1,0.00059,0.0025,8.9895
67.2,0.00064,0.0019,8.9885
67.3,0.00060,0.0020,8.9857
67.4,0.00065,0.0020,8.9857
67.5,0.00063,0.0023,8.9875
67.6,0.00063,0.0022,8.9875
67.7,0.00064,0.0022,8.9875
67.8,0.00064,0.0019,8.9857
67.9,0.00067,0.0025,8.9848
68.0,0.00063,0.0021,8.9875
68.1,0.00065,0.0020,8.9875
68.2,0.00059,0.0020,8.9865
68.3,0.00060,0.0023,8.9865
68.4,0.00058,0.0021,8.9885
68.5,0.00062,0.0024,8.9875
68.6,0.00062,0.0026,8.9865
68.7,0.00062,0.0025,8.9838
68.8,0.00056,0.0021,8.9865
68.9,0.00064,0.0026,8.9885
69.0,0.00065,0.0021,8.9885
69.1,0.00063,0.0027,8.9828
69.2,0.00060,0.0022,8.9885
69.3,0.00065,0.0020,8.9857
69.4,0.00057,0.0019,8.9857
69.5,0.00063,0.0023,8.9865
69.6,0.00059,0.0020,8.9865
69.7,0.00066,0.0021,8.9865
69.8,0.00060,0.0022,8.9895
69.9,0.00061,0.0023,8.9865
70.0,0.00063,0.0023,8.9857
70.1,0.00060,0.0021,8.9838
70.2,0.00056,0.0023,8.9885
70.3,0.00060,0.0021,8.9857
70.4,0.20552,2.8593,8.6818
70.5,1.14729,1.6199,8.7555
70.6,0.96231,1.5937,8.7592
70.7,0.26854,0.4669,8.9242
70.8,0.23700,0.2980,8.9479
70.9,0.23345,0.2897,8.9535
71.0,0.23960,0.3193,8.9469
71.1,0.74511,3.1321,8.5383
71.2,1.22852,2.5390,8.6326
71.3,0.51665,0.5855,8.9111
71.4,0.43545,0.5804,8.9102
71.5,0.27289,0.3522,8.9441
71.6,0.44559,1.4291,8.7855
71.7,0.26167,0.3241,8.9461
71.8,0.28687,0.3686,8.9422
71.9,0.25183,0.3193,8.9461
72.0,0.28357,0.3483,8.9441
72.1,0.27355,0.3594,8.9385
72.2,0.27344,0.3444,8.9441
72.3,0.26910,0.3204,8.9404
72.4,0.27575,0.3499,8.9404
72.5,0.26886,0.3297,8.9412
72.6,0.27285,0.3434,8.9451
72.7,0.26924,0.3457,8.9451
72.8,0.27685,0.3550,8.9404
72.9,0.26987,0.3233,8.9451
73.0,0.27260,0.3464,8.9451
73.1,0.27069,0.3449,8.9422
73.2,0.27073,0.3438,8.9395
73.3,0.27199,0.3126,8.9422
73.4,0.27332,0.3534,8.9422
73.5,0.27125,0.3403,8.9441
73.6,0.26703,0.3438,8.9404
73.7,0.27030,0.3256,8.9404
73.8,0.27107,0.3475,8.9422
73.9,0.26841,0.3136,8.9422
74.0,0.26497,0.3431,8.9404
74.1,0.26874,0.3383,8.9451
74.2,0.26495,0.3146,8.9451
74.3,0.26748,0.3119,8.9441
74.4,0.26872,0.3369,8.9451
74.5,0.26693,0.3319,8.9404
74.6,0.26447,0.3075,8.9432
74.7,0.26595,0.3095,8.9451
74.8,0.26687,0.3341,8.9441
74.9,0.26420,0.3321,8.9451
75.0,0.26604,0.3572,8.9461
75.1,0.26140,0.3174,8.9432
75.2,0.26506,0.3369,8.9422
75.3,0.26119,0.3390,8.9461
75.4,0.26634,0.3737,8.9422
75.5,0.26038,0.3120,8.9432
75.6,0.26350,0.3189,8.9469
75.7,0.26278,0.3478,8.9395
75.8,0.26475,0.3225,8.9432
75.9,0.25534,0.3112,8.9422
76.0,0.23362,0.2856,8.9469
76.1,0.22615,0.2712,8.9508
76.2,0.22764,0.2636,8.9525
76.3,0.22922,0.2725,8.9508
76.4,0.22626,0.2772,8.9527
76.5,0.22945,0.2684,8.9461
76.6,0.22635,0.2650,8.9508
76.7,0.22977,0.2794,8.9488
76.8,0.22523,0.2750,8.9508
76.9,0.22784,0.2689,8.9498
77.0,0.22533,0.2757,8.9498
77.1,0.22926,0.2738,8.9527
77.2,0.22581,0.2660,8.9525
77.3,0.22867,0.2703,8.9479
77.4,0.22555,0.2683,8.9488
77.5,0.22907,0.2811,8.9479
77.6,0.22709,0.2768,8.9527
77.7,0.22716,0.2728,8.9508
77.8,0.22971,0.2679,8.9488
77.9,0.22559,0.2751,8.9488
78.0,0.22874,0.2788,8.9518
78.1,0.22520,0.2710,8.9422
78.2,0.22969,0.2705,8.9508
78.3,0.22541,0.2721,8.9441
78.4,0.22848,0.2769,8.9498
78.5,0.22542,0.2701,8.9508
78.6,0.22909,0.2683,8.9527
78.7,0.22501,0.2671,8.9535
78.8,0.22935,0.2800,8.9508
78.9,0.22699,0.2692,8.9508
79.0,0.22846,0.2765,8.9441
79.1,0.22783,0.2705,8.9461
79.2,0.22645,0.2758,8.9488
79.3,0.22887,0.2703,8.9451
79.4,0.22549,0.2773,8.9479
79.5,0.22974,0.2708,8.9508
79.6,0.22553,0.2797,8.9518
79.7,0.22889,0.2662,8.9488
79.8,0.22491,0.2648,8.9508
79.9,0.22805,0.2758,8.9479
80.0,0.22537,0.2686,8.9498
80.1,0.22977,0.2749,8.9525
80.2,0.22664,0.2746,8.9527
80.3,0.22824,0.2684,8.9479
80.4,0.22733,0.2712,8.9518
80.5,0.22768,0.2669,8.9518
80.6,0.22812,0.2807,8.9508
80.7,0.22618,0.2723,8.9525
80.8,0.22922,0.2740,8.9518
80.9,0.22546,0.2710,8.9527
81.0,0.22936,0.2803,8.9518
81.1,0.22472,0.2720,8.9525
81.2,0.22939,0.2771,8.9518
81.3,0.22506,0.2743,8.9479
81.4,0.22996,0.2712,8.9461
81.5,0.22540,0.2709,8.9518
81.6,0.22906,0.2691,8.9518
81.7,0.22780,0.2787,8.9498
81.8,0.22791,0.2698,8.9518
81.9,0.22834,0.2685,8.9518
82.0,0.21349,0.2688,8.9535
82.1,0.21025,0.2288,8.9555
82.2,0.21062,0.2380,8.9555
82.3,0.21040,0.2275,8.9525
82.4,0.21045,0.2496,8.9508
82.5,0.17241,0.2383,8.9564
82.6,0.00699,0.0638,8.9801
82.7,0.00102,0.0028,8.9875
82.8,0.00076,0.0023,8.9875
82.9,0.00057,0.0019,8.9857
83.0,0.00058,0.0020,8.9875
83.1,0.00063,0.0024,8.9875
83.2,0.00059,0.0020,8.9848
83.3,0.00058,0.0020,8.9875
83.4,0.00061,0.0023,8.9848
83.5,0.00055,0.0018,8.9865
83.6,0.00061,0.0017,8.9838
83.7,0.00058,0.0020,8.9857
83.8,0.00064,0.0021,8.9848
83.9,0.00058,0.0021,8.9875
84.0,0.00058,0.0019,8.9865
84.1,0.00058,0.0021,8.9848
84.2,0.00061,0.0024,8.9857
84.3,0.00059,0.0021,8.9857
84.4,0.00063,0.0022,8.9838
84.5,0.00057,0.0021,8.9865
84.6,0.00065,0.0021,8.9875
84.7,0.00062,0.0020,8.9875
84.8,0.00062,0.0027,8.9857
84.9,0.00063,0.0022,8.9875
85.0,0.00061,0.0019,8.9875
85.1,0.00063,0.0025,8.9857
85.2,0.00060,0.0019,8.9875
85.3,0.00061,0.0026,8.9865
85.4,0.00063,0.0021,8.9875
85.5,0.00062,0.0025,8.9865
85.6,0.00059,0.0021,8.9885
85.7,0.00060,0.0024,8.9865
85.8,0.00061,0.0028,8.9848
85.9,0.00062,0.0021,8.9848
86.0,0.00063,0.0026,8.9828
86.1,0.00061,0.0019,8.9885
86.2,0.00059,0.0024,8.9865
86.3,0.00061,0.0025,8.9838
86.4,0.00054,0.0023,8.9828
86.5,0.00061,0.0022,8.9809
86.6,0.00061,0.0020,8.9875
86.7,0.00063,0.0025,8.9875
86.8,0.00053,0.0019,8.9857
86.9,0.00057,0.0020,8.9865
87.0,0.00063,0.0023,8.9848
87.1,0.00056,0.0022,8.9857
87.2,0.00062,0.0025,8.9885
87.3,0.00068,0.0022,8.9848
87.4,0.00064,0.0024,8.9875
87.5,0.00065,0.0023,8.9848
87.6,0.00055,0.0023,8.9875
87.7,0.00055,0.0015,8.9875
87.8,0.00057,0.0019,8.9857
87.9,0.00063,0.0025,8.9865
88.0,0.00059,0.0022,8.9828
88.1,0.00062,0.0019,8.9848
88.2,0.00058,0.0019,8.9848
88.3,0.00061,0.0020,8.9865
88.4,0.00057,0.0025,8.9865
88.5,0.00060,0.0023,8.9865
88.6,0.00061,0.0025,8.9865
88.7,0.00063,0.0028,8.9885
88.8,0.00063,0.0027,8.9865
88.9,0.00063,0.0025,8.9838
89.0,0.00060,0.0021,8.9857
89.1,0.00065,0.0021,8.9875
89.2,0.00064,0.0020,8.9865
89.3,0.00065,0.0023,8.9828
89.4,0.00058,0.0023,8.9848
89.5,0.00061,0.0027,8.9875
89.6,0.00060,0.0025,8.9875
89.7,0.00059,0.0022,8.9848
89.8,0.00062,0.0023,8.9865
89.9,0.00064,0.0021,8.9875
90.0,0.00055,0.0025,8.9857
90.1,0.00056,0.0024,8.9865
90.2,0.00065,0.0022,8.9885
90.3,0.00055,0.0021,8.9875
90.4,0.00063,0.0023,8.9875
90.5,0.00061,0.0023,8.9848
90.6,0.00056,0.0027,8.9848
90.7,0.00059,0.0024,8.9857
90.8,0.00060,0.0024,8.9885
90.9,0.00060,0.0021,8.9865
91.0,0.00061,0.0023,8.9865
91.1,0.00060,0.0034,8.9838
91.2,0.00061,0.0022,8.9857
91.3,0.00059,0.0021,8.9875
91.4,0.00062,0.0034,8.9818
91.5,0.00060,0.0026,8.9838
91.6,0.00062,0.0021,8.9865
91.7,0.00062,0.0025,8.9875
91.8,0.00059,0.0025,8.9885
91.9,0.00054,0.0019,8.9865
92.0,0.00056,0.0019,8.9809
92.1,0.00059,0.0023,8.9875
92.2,0.00065,0.0022,8.9857
92.3,0.00063,0.0027,8.9865
92.4,0.00059,0.0020,8.9857
92.5,0.00059,0.0025,8.9875
92.6,0.00063,0.0027,8.9875
92.7,0.00063,0.0020,8.9857
92.8,0.00065,0.0020,8.9848
92.9,0.00060,0.0023,8.9885
93.0,0.00069,0.0025,8.9857
93.1,0.00065,0.0021,8.9885
93.2,0.00061,0.0022,8.9865
93.3,0.00063,0.0019,8.9857
93.4,0.00061,0.0019,8.9875
93.5,0.00063,0.0021,8.9857
93.6,0.00061,0.0017,8.9838
93.7,0.00068,0.0030,8.9838
93.8,0.00058,0.0020,8.9848
93.9,0.13126,1.2502,8.3223
94.0,0.76354,1.6148,8.7602
94.1,0.56582,1.6259,8.7545
94.2,0.27254,0.4884,8.9195
94.3,0.24516,0.2914,8.9508
94.4,0.22885,0.2941,8.9461
94.5,0.24047,0.3034,8.9479
94.6,0.25052,0.3227,8.9412
94.7,0.96313,3.0466,8.5486
94.8,1.15398,2.6102,8.6232
94.9,0.46987,0.6034,8.9055
95.0,0.29145,0.3774,8.9404
95.1,0.44102,1.4388,8.7771
95.2,0.26120,0.3344,8.9479
95.3,0.28416,0.3572,8.9385
95.4,0.26726,0.3390,8.9461
95.5,0.27926,0.3549,8.9451
95.6,0.27790,0.3570,8.9375
95.7,0.27131,0.3123,8.9469
95.8,0.27156,0.3459,8.9479
95.9,0.27590,0.3419,8.9395
96.0,0.27068,0.3246,8.9461
96.1,0.27035,0.3508,8.9441
96.2,0.27156,0.3456,8.9412
96.3,0.27589,0.3608,8.9395
96.4,0.27260,0.3411,8.9441
96.5,0.27028,0.3407,8.9404
96.6,0.27240,0.3361,8.9461
96.7,0.27010,0.3111,8.9432
96.8,0.27142,0.3401,8.9441
96.9,0.27207,0.3488,8.9422
97.0,0.27044,0.3503,8.9404
97.1,0.26794,0.3176,8.9432
97.2,0.27056,0.3221,8.9451
97.3,0.27239,0.3360,8.9461
97.4,0.26904,0.3269,8.9461
97.5,0.26517,0.3199,8.9348
97.6,0.26701,0.3262,8.9422
97.7,0.26432,0.3430,8.9385
97.8,0.26815,0.3374,8.9432
97.9,0.26969,0.3681,8.9395
98.0,0.26719,0.3375,8.9365
98.1,0.26315,0.3189,8.9432
98.2,0.26657,0.3241,8.9461
98.3,0.26767,0.3530,8.9422
98.4,0.26624,0.3329,8.9441
98.5,0.26180,0.3432,8.9461
98.6,0.26625,0.3353,8.9422
98.7,0.26106,0.3144,8.9432
98.8,0.26491,0.3194,8.9471
98.9,0.26593,0.3424,8.9357
99.0,0.26405,0.3435,8.9357
99.1,0.25957,0.3182,8.9451
99.2,0.26340,0.3393,8.9461
99.3,0.26390,0.3427,8.9422
99.4,0.26157,0.3348,8.9441
99.5,0.23301,0.2840,8.9498
99.6,0.22924,0.2756,8.9451
99.7,0.22562,0.2749,8.9479
99.8,0.22855,0.2703,8.9518
99.9,0.22564,0.2759,8.9518
100.0,0.22740,0.2654,8.9518
100.1,0.22554,0.2749,8.9451
100.2,0.22920,0.2751,8.9525
100.3,0.22468,0.2694,8.9518
100.4,0.22910,0.2688,8.9525
100.5,0.22503,0.2689,8.9498
100.6,0.22958,0.2698,8.9498
100.7,0.22556,0.2668,8.9469
100.8,0.22883,0.2692,8.9518
100.9,0.22576,0.2685,8.9498
101.0,0.22938,0.2710,8.9488
101.1,0.22528,0.2644,8.9479
101.2,0.22985,0.2739,8.9545
101.3,0.22477,0.2664,8.9422
101.4,0.22948,0.2801,8.9479
101.5,0.22514,0.2724,8.9535
101.6,0.22985,0.2787,8.9508
101.7,0.22527,0.2772,8.9479
101.8,0.22937,0.2651,8.9508
101.9,0.22501,0.2690,8.9508
102.0,0.22955,0.2695,8.9498
102.1,0.22544,0.2715,8.9469
102.2,0.22914,0.2671,8.9525
102.3,0.22588,0.2739,8.9518
102.4,0.22920,0.2659,8.9518
102.5,0.22554,0.2764,8.9508
102.6,0.22870,0.2699,8.9488
102.7,0.22679,0.2795,8.9508
102.8,0.22842,0.2748,8.9525
102.9,0.22654,0.2681,8.9545
103.0,0.22939,0.2684,8.9518
103.1,0.22652,0.2762,8.9498
103.2,0.22763,0.2710,8.9535
103.3,0.22836,0.2727,8.9422
103.4,0.22725,0.2743,8.9498
103.5,0.22753,0.2784,8.9479
103.6,0.22720,0.2798,8.9479
103.7,0.22769,0.2792,8.9508
103.8,0.22765,0.2661,8.9479
103.9,0.22883,0.2666,8.9498
104.0,0.22711,0.2795,8.9479
104.1,0.22748,0.2695,8.9498
104.2,0.22773,0.2712,8.9422
104.3,0.22777,0.2767,8.9469
104.4,0.22665,0.2766,8.9479
104.5,0.22862,0.2681,8.9518
104.6,0.22694,0.2758,8.9508
104.7,0.22794,0.2788,8.9527
104.8,0.22613,0.2735,8.9518
104.9,0.22923,0.2714,8.9469
105.0,0.22562,0.2669,8.9518
105.1,0.22856,0.2776,8.9535
105.2,0.22569,0.2666,8.9441
105.3,0.22977,0.2670,8.9471
105.4,0.22293,0.2744,8.9508
105.5,0.20695,0.2516,8.9535
105.6,0.21074,0.2325,8.9518
105.7,0.21071,0.2278,8.9574
105.8,0.21102,0.2371,8.9498
105.9,0.20670,0.2490,8.9518
106.0,0.10625,0.2380,8.9582
106.1,0.00137,0.0036,8.9875
106.2,0.00084,0.0023,8.9828
106.3,0.00065,0.0020,8.9838
106.4,0.00062,0.0026,8.9857
106.5,0.00059,0.0022,8.9895
106.6,0.00061,0.0023,8.9865
106.7,0.00063,0.0020,8.9885
106.8,0.00061,0.0021,8.9904
106.9,0.00058,0.0021,8.9857
107.0,0.00056,0.0020,8.9875
107.1,0.00057,0.0024,8.9875
107.2,0.00061,0.0022,8.9865
107.3,0.00061,0.0022,8.9857
107.4,0.00061,0.0020,8.9809
107.5,0.00059,0.0023,8.9885
107.6,0.00063,0.0027,8.9865
107.7,0.00059,0.0023,8.9865
107.8,0.00061,0.0019,8.9875
107.9,0.00058,0.0022,8.9838
108.0,0.00061,0.0023,8.9857
108.1,0.00059,0.0023,8.9857
108.2,0.00058,0.0020,8.9857
108.3,0.00055,0.0023,8.9865
108.4,0.00061,0.0026,8.9865
108.5,0.00066,0.0025,8.9848
108.6,0.00058,0.0024,8.9885
108.7,0.00060,0.0021,8.9865
108.8,0.00059,0.0021,8.9875
108.9,0.00061,0.0019,8.9838
109.0,0.00062,0.0021,8.9865
109.1,0.00058,0.0022,8.9875
109.2,0.00059,0.0021,8.9801
109.3,0.00063,0.0020,8.9838
109.4,0.00056,0.0020,8.9865
109.5,0.00058,0.0024,8.9801
109.6,0.00060,0.0024,8.9875
109.7,0.00059,0.0019,8.9875
109.8,0.00058,0.0021,8.9857
109.9,0.00061,0.0019,8.9885
110.0,0.00059,0.0019,8.9865
110.1,0.00058,0.0024,8.9828
110.2,0.00062,0.0020,8.9865
110.3,0.00058,0.0023,8.9895
110.4,0.00063,0.0020,8.9828
110.5,0.00063,0.0021,8.9865
110.6,0.00064,0.0023,8.9885
110.7,0.00063,0.0023,8.9828
110.8,0.00057,0.0021,8.9848
110.9,0.00063,0.0020,8.9875
111.0,0.00064,0.0019,8.9865
111.1,0.00061,0.0019,8.9885
111.2,0.09551,1.8346,8.5129
111.3,0.58355,1.4100,8.7865
111.4,0.79474,1.5969,8.7572
111.5,0.34115,0.4749,8.9244
111.6,0.24568,0.4586,8.9328
111.7,0.24042,0.2974,8.9498
111.8,0.23255,0.3105,8.9451
111.9,0.25118,0.3175,8.9451
112.0,0.26217,0.3120,8.9469
112.1,0.65267,3.1484,8.5402
112.2,1.36623,2.5722,8.6213
112.3,0.51369,0.6223,8.9035
112.4,0.31076,0.3971,8.9338
112.5,0.45289,1.4492,8.7855
112.6,0.27376,0.3583,8.9422
112.7,0.26032,0.3647,8.9395
112.8,0.23814,0.2902,8.9461
112.9,0.26195,0.3225,8.9422
113.0,0.28643,0.3761,8.9441
113.1,0.26896,0.3494,8.9414
113.2,0.27295,0.3206,8.9441
113.3,0.27421,0.3516,8.9432
113.4,0.27289,0.3453,8.9441
113.5,0.26870,0.3120,8.9422
113.6,0.27832,0.3481,8.9404
113.7,0.26949,0.3189,8.9432
113.8,0.27449,0.3438,8.9395
113.9,0.27060,0.3204,8.9451
114.0,0.27320,0.3464,8.9385
114.1,0.27113,0.3233,8.9479
114.2,0.26980,0.3451,8.9422
114.3,0.27612,0.3542,8.9422
114.4,0.26853,0.3309,8.9441
114.5,0.27111,0.3389,8.9441
114.6,0.27137,0.3568,8.9404
114.7,0.26975,0.3402,8.9441
114.8,0.26566,0.3221,8.9412
114.9,0.26958,0.3478,8.9375
115.0,0.26537,0.3166,8.9479
115.1,0.26899,0.3252,8.9461
115.2,0.27063,0.3510,8.9422
115.3,0.26874,0.3086,8.9357
115.4,0.26659,0.3289,8.9395
115.5,0.26582,0.3397,8.9395
115.6,0.26836,0.3413,8.9451
115.7,0.26305,0.3117,8.9461
115.8,0.26682,0.3461,8.9441
115.9,0.26266,0.3371,8.9451
116.0,0.26582,0.3211,8.9412
116.1,0.26198,0.3143,8.9469
116.2,0.26587,0.3378,8.9441
116.3,0.26129,0.3368,8.9479
116.4,0.26516,0.3330,8.9432
116.5,0.26116,0.3076,8.9451
116.6,0.26790,0.3515,8.9422
116.7,0.26160,0.3278,8.9461
116.8,0.26256,0.3444,8.9461
116.9,0.25036,0.3047,8.9441
117.0,0.22791,0.2752,8.9508
117.1,0.22874,0.2739,8.9518
117.2,0.22569,0.2740,8.9535
117.3,0.23043,0.2839,8.9518
117.4,0.22564,0.2792,8.9535
117.5,0.22908,0.2683,8.9479
117.6,0.22571,0.2677,8.9518
117.7,0.22945,0.2708,8.9469
117.8,0.22543,0.2791,8.9441
117.9,0.22910,0.2738,8.9518
118.0,0.22688,0.2701,8.9479
118.1,0.22791,0.2834,8.9518
118.2,0.22788,0.2709,8.9479
118.3,0.22729,0.2645,8.9461
118.4,0.22918,0.2733,8.9451
118.5,0.22581,0.2726,8.9508
118.6,0.22831,0.2792,8.9498
118.7,0.22561,0.2784,8.9508
118.8,0.22934,0.2735,8.9518
118.9,0.22534,0.2752,8.9535
119.0,0.22929,0.2739,8.9498
119.1,0.22539,0.2647,8.9508
119.2,0.22986,0.2715,8.9508
119.3,0.22552,0.2747,8.9498
119.4,0.22928,0.2674,8.9479
119.5,0.22520,0.2735,8.9525
119.6,0.22896,0.2735,8.9479
119.7,0.22611,0.2718,8.9535
119.8,0.22950,0.2668,8.9535
119.9,0.22720,0.2712,8.9498
120.0,0.22803,0.2710,8.9525
120.1,0.22815,0.2724,8.9508
120.2,0.22714,0.2666,8.9518
120.3,0.22890,0.2806,8.9488
120.4,0.22636,0.2707,8.9535
120.5,0.22968,0.2718,8.9479
120.6,0.22646,0.2745,8.9518
120.7,0.22838,0.2749,8.9508
120.8,0.22554,0.2728,8.9525
120.9,0.22922,0.2762,8.9498
121.0,0.22612,0.2681,8.9525
121.1,0.22955,0.2762,8.9479
121.2,0.22538,0.2718,8.9518
121.3,0.23082,0.2725,8.9508
121.4,0.22595,0.2676,8.9498
121.5,0.22918,0.2685,8.9488
121.6,0.22822,0.2793,8.9488
121.7,0.22785,0.2748,8.9469
121.8,0.22881,0.2720,8.9469
121.9,0.22747,0.2770,8.9469
122.0,0.22917,0.2764,8.9545
122.1,0.22618,0.2735,8.9451
122.2,0.22917,0.2710,8.9451
122.3,0.22557,0.2680,8.9535
122.4,0.22926,0.2689,8.9471
122.5,0.22574,0.2663,8.9498
122.6,0.22903,0.2646,8.9488
122.7,0.22554,0.2674,8.9518
122.8,0.23074,0.2801,8.9498
122.9,0.21925,0.2684,8.9518
123.0,0.20850,0.2399,8.9535
123.1,0.21050,0.2294,8.9582
123.2,0.21074,0.2285,8.9574
123.3,0.21095,0.2336,8.9564
123.4,0.20434,0.2428,8.9518
123.5,0.05845,0.2271,8.9621
123.6,0.00123,0.0027,8.9848
123.7,0.00083,0.0024,8.9875
123.8,0.00063,0.0019,8.9857
123.9,0.00059,0.0020,8.9875
124.0,0.00063,0.0019,8.9885
124.1,0.00060,0.0023,8.9875
124.2,0.00059,0.0019,8.9857
124.3,0.00051,0.0021,8.9875
124.4,0.00060,0.0030,8.9875
124.5,0.00061,0.0024,8.9865
124.6,0.00062,0.0024,8.9885
124.7,0.00063,0.0018,8.9875
124.8,0.00061,0.0025,8.9848
124.9,0.00062,0.0024,8.9781
125.0,0.00063,0.0021,8.9865
125.1,0.00060,0.0019,8.9875
125.2,0.00058,0.0020,8.9875
125.3,0.00061,0.0023,8.9865
125.4,0.00064,0.0025,8.9857
125.5,0.00054,0.0019,8.9828
125.6,0.00054,0.0023,8.9875
125.7,0.00057,0.0023,8.9875
125.8,0.00059,0.0026,8.9875
125.9,0.00061,0.0022,8.9857
126.0,0.00057,0.0022,8.9885
126.1,0.00062,0.0024,8.9865
126.2,0.00061,0.0023,8.9865
126.3,0.00057,0.0022,8.9875
126.4,0.00052,0.0021,8.9885
126.5,0.00057,0.0022,8.9875
126.6,0.00058,0.0019,8.9857
126.7,0.00059,0.0021,8.9857
126.8,0.00060,0.0019,8.9848
126.9,0.00063,0.0028,8.9791
127.0,0.00068,0.0021,8.9838
127.1,0.00059,0.0026,8.9865
127.2,0.00057,0.0023,8.9838
127.3,0.00062,0.0021,8.9865
127.4,0.00063,0.0021,8.9838
127.5,0.00066,0.0023,8.9857
127.6,0.00062,0.0029,8.9809
127.7,0.00058,0.0019,8.9857
127.8,0.00062,0.0032,8.9857
127.9,0.00061,0.0019,8.9857
128.0,0.00056,0.0023,8.9828
128.1,0.00062,0.0021,8.9875
128.2,0.00057,0.0026,8.9857
128.3,0.00063,0.0020,8.9875
128.4,0.00067,0.0021,8.9857
128.5,0.00062,0.0022,8.9857
128.6,0.00057,0.0027,8.9875
128.7,0.00061,0.0020,8.9865
128.8,0.00060,0.0023,8.9857
128.9,0.00057,0.0019,8.9809
129.0,0.00059,0.0020,8.9848
129.1,0.00060,0.0023,8.9875
129.2,0.00056,0.0022,8.9838
129.3,0.00060,0.0024,8.9857
129.4,0.00060,0.0025,8.9875
129.5,0.00064,0.0023,8.9857
129.6,0.00065,0.0027,8.9857
129.7,0.00062,0.0022,8.9875
129.8,0.00058,0.0019,8.9885
129.9,0.00056,0.0025,8.9848
130.0,0.00055,0.0020,8.9865
130.1,0.00055,0.0027,8.9865
130.2,0.00063,0.0026,8.9865
130.3,0.00059,0.0021,8.9848
130.4,0.00060,0.0025,8.9875
130.5,0.00055,0.0020,8.9865
130.6,0.00061,0.0022,8.9818
130.7,0.00062,0.0019,8.9857
130.8,0.00059,0.0021,8.9875
130.9,0.00064,0.0024,8.9875
131.0,0.00055,0.0018,8.9838
131.1,0.00056,0.0022,8.9865
131.2,0.00057,0.0020,8.9865
131.3,0.00065,0.0023,8.9857
131.4,0.00061,0.0023,8.9875
131.5,0.00066,0.0021,8.9857
131.6,0.00058,0.0022,8.9857
131.7,0.00058,0.0023,8.9875
131.8,0.00058,0.0020,8.9865
131.9,0.00061,0.0024,8.9818
132.0,0.00064,0.0022,8.9857
132.1,0.00062,0.0018,8.9857
132.2,0.00058,0.0021,8.9875
132.3,0.00065,0.0021,8.9885
132.4,0.00061,0.0022,8.9865
132.5,0.00054,0.0021,8.9875
132.6,0.00057,0.0021,8.9885
132.7,0.00062,0.0019,8.9838
132.8,0.00058,0.0019,8.9865
132.9,0.00059,0.0024,8.9865
133.0,0.00068,0.0026,8.9875
133.1,0.00058,0.0021,8.9865
133.2,0.00061,0.0026,8.9857
133.3,0.00064,0.0032,8.9865
133.4,0.00058,0.0021,8.9828
133.5,0.00060,0.0020,8.9857
133.6,0.00055,0.0031,8.9875
133.7,0.00061,0.0022,8.9885
133.8,0.00057,0.0018,8.9857
133.9,0.00055,0.0025,8.9838
134.0,0.00068,0.0021,8.9857
134.1,0.00060,0.0019,8.9857
134.2,0.00060,0.0023,8.9791
134.3,0.00059,0.0023,8.9857
134.4,0.00061,0.0024,8.9838
134.5,0.00058,0.0020,8.9848
134.6,0.00063,0.0025,8.9857
134.7,0.00064,0.0026,8.9857
134.8,0.00061,0.0021,8.9857
134.9,0.00064,0.0021,8.9838
135.0,0.00056,0.0022,8.9838
135.1,0.00060,0.0025,8.9857
135.2,0.00059,0.0020,8.9857
135.3,0.00063,0.0023,8.9848
135.4,0.00060,0.0023,8.9865
135.5,0.00056,0.0019,8.9857
135.6,0.00060,0.0023,8.9857
135.7,0.00063,0.0028,8.9875
135.8,0.00061,0.0020,8.9857
135.9,0.00061,0.0021,8.9875
136.0,0.00054,0.0020,8.9848
136.1,0.00062,0.0022,8.9865
136.2,0.00062,0.0023,8.9865
136.3,0.00058,0.0024,8.9865
136.4,0.00061,0.0021,8.9865
136.5,0.00062,0.0029,8.9848
136.6,0.00065,0.0020,8.9865
136.7,0.00059,0.0021,8.9848
136.8,0.00057,0.0027,8.9885
136.9,0.00062,0.0019,8.9857
137.0,0.00062,0.0027,8.9875
137.1,0.00062,0.0024,8.9875
137.2,0.00056,0.0022,8.9875
137.3,0.00060,0.0022,8.9875
137.4,0.00061,0.0027,8.9857
137.5,0.00063,0.0020,8.9828
137.6,0.00058,0.0021,8.9865
137.7,0.00065,0.0023,8.9865
137.8,0.00061,0.0019,8.9848
137.9,0.00059,0.0024,8.9875
138.0,0.00062,0.0021,8.9875
138.1,0.00064,0.0024,8.9857
138.2,0.00061,0.0025,8.9875
138.3,0.00054,0.0027,8.9865
138.4,0.00059,0.0025,8.9875
138.5,0.00065,0.0025,8.9885
138.6,0.00065,0.0023,8.9857
138.7,0.00068,0.0030,8.9875
138.8,0.00057,0.0023,8.9848
138.9,0.00060,0.0026,8.9865
139.0,0.00062,0.0028,8.9838
139.1,0.00060,0.0020,8.9875
139.2,0.00057,0.0026,8.9857
139.3,0.00060,0.0021,8.9885
139.4,0.00062,0.0021,8.9848
139.5,0.00060,0.0020,8.9857
139.6,0.00061,0.0020,8.9809
139.7,0.00056,0.0022,8.9838
139.8,0.00054,0.0021,8.9857
139.9,0.00057,0.0019,8.9848
140.0,0.00061,0.0023,8.9848
140.1,0.00062,0.0023,8.9857
140.2,0.00058,0.0020,8.9848
140.3,0.00062,0.0019,8.9828
140.4,0.00062,0.0019,8.9848
140.5,0.00057,0.0022,8.9848
140.6,0.00058,0.0028,8.9857
140.7,0.00060,0.0022,8.9857
140.8,0.00058,0.0022,8.9865
140.9,0.00059,0.0023,8.9838
141.0,0.00060,0.0022,8.9818
141.1,0.00065,0.0023,8.9848
141.2,0.00055,0.0025,8.9875
141.3,0.00066,0.0026,8.9865
141.4,0.00064,0.0021,8.9848
141.5,0.00066,0.0026,8.9875
141.6,0.00061,0.0024,8.9875
141.7,0.00063,0.0022,8.9895
141.8,0.00064,0.0019,8.9857
141.9,0.00059,0.0023,8.9865
142.0,0.00060,0.0019,8.9857
142.1,0.00060,0.0027,8.9895
142.2,0.00060,0.0021,8.9857
142.3,0.00060,0.0021,8.9857
142.4,0.00059,0.0019,8.9885
142.5,0.00060,0.0021,8.9875
142.6,0.00063,0.0022,8.9875
142.7,0.00059,0.0021,8.9857
142.8,0.00063,0.0020,8.9885
142.9,0.00056,0.0024,8.9875
143.0,0.00060,0.0022,8.9848
143.1,0.00056,0.0019,8.9857
143.2,0.00066,0.0024,8.9875
143.3,0.00061,0.0023,8.9828
143.4,0.00060,0.0025,8.9857
143.5,0.00067,0.0022,8.9875
143.6,0.00061,0.0021,8.9857
143.7,0.00062,0.0019,8.9885
143.8,0.00063,0.0026,8.9875
143.9,0.00061,0.0023,8.9838
144.0,0.00059,0.0019,8.9875
144.1,0.00052,0.0016,8.9838
144.2,0.00062,0.0024,8.9848
144.3,0.00060,0.0022,8.9865
144.4,0.00061,0.0024,8.9875
144.5,0.00062,0.0024,8.9865
144.6,0.00057,0.0024,8.9848
144.7,0.00060,0.0024,8.9857
144.8,0.00064,0.0020,8.9838
144.9,0.00063,0.0022,8.9865
145.0,0.00058,0.0020,8.9865
145.1,0.00054,0.0017,8.9875
145.2,0.00054,0.0023,8.9857
145.3,0.00064,0.0028,8.9838
145.4,0.00060,0.0019,8.9865
145.5,0.00056,0.0019,8.9865
145.6,0.00065,0.0038,8.9875
145.7,0.00058,0.0022,8.9875
145.8,0.00060,0.0021,8.9895
145.9,0.00056,0.0018,8.9875
146.0,0.00062,0.0020,8.9875
146.1,0.00064,0.0028,8.9865
146.2,0.00060,0.0021,8.9875
146.3,0.00059,0.0024,8.9857
146.4,0.00064,0.0019,8.9875
146.5,0.00061,0.0022,8.9875
146.6,0.00064,0.0022,8.9865
146.7,0.00059,0.0022,8.9848
146.8,0.00063,0.0020,8.9865
146.9,0.00065,0.0034,8.9885
147.0,0.00063,0.0022,8.9865
147.1,0.00061,0.0019,8.9865
147.2,0.00061,0.0027,8.9875
147.3,0.00058,0.0024,8.9875
147.4,0.00062,0.0021,8.9865
147.5,0.00065,0.0020,8.9865
147.6,0.00070,0.0019,8.9865
147.7,0.00059,0.0024,8.9885
147.8,0.00058,0.0021,8.9875
147.9,0.00059,0.0018,8.9865
